{
  "alerts": [
    {
      "timestamp": "2025-09-16T15:20:58.712000",
      "crypto_symbol": "bitcoin",
      "crypto_name": "Bitcoin (BTC)",
      "time_interval": "5min",
      "current_price": 65000.0,
      "prediction": {
        "direction": "up",
        "confidence": 85.5,
        "probability": 0.82
      },
      "message": {
        "subject": "\ud83d\udcc8 High-Confidence Alert: Bitcoin (BTC) (BITCOIN) - RISE Predicted!",
        "body": "\ud83d\udea8 HIGH-CONFIDENCE CRYPTOCURRENCY PREDICTION ALERT \ud83d\udea8\n\nCryptocurrency: Bitcoin (BTC) (BITCOIN)\nCurrent Price: $65,000.00\nPrediction Time Frame: 5min\n\n\ud83d\udcca PREDICTION DETAILS:\n\u2022 Direction: UP \ud83d\udcc8\n\u2022 Confidence Score: 85.5%\n\u2022 Probability: 82.0%\n\n\u26a1 RECOMMENDATION:\nOur advanced ML models (LSTM + Random Forest) predict that Bitcoin (BTC) will RISE within the next 5min.\nThis alert was triggered because the prediction meets our high-confidence criteria (>75% confidence).\n\n\u26a0\ufe0f RISK DISCLAIMER:\nThis is an automated prediction based on technical analysis and machine learning models. \nCryptocurrency investments are highly volatile and risky. This is for informational purposes only \nand should not be considered financial advice. Always do your own research and invest responsibly.\n\n\ud83d\udcc5 Generated: 2025-09-16 15:20:58\n\ud83e\udd16 Source: Crypto Analysis Platform - Advanced ML Predictions\n\n---\nThis alert was sent because you have enabled high-confidence prediction notifications.\nTo modify your alert preferences, visit the platform settings."
      },
      "alert_type": "demo",
      "status": "demo_stored"
    },
    {
      "timestamp": "2025-09-16T15:20:58.713376",
      "crypto_symbol": "bitcoin",
      "crypto_name": "Bitcoin (BTC)",
      "time_interval": "10min",
      "current_price": 65000.0,
      "prediction": {
        "direction": "down",
        "confidence": 78.3,
        "probability": 0.25
      },
      "message": {
        "subject": "\ud83d\udcc9 High-Confidence Alert: Bitcoin (BTC) (BITCOIN) - FALL Predicted!",
        "body": "\ud83d\udea8 HIGH-CONFIDENCE CRYPTOCURRENCY PREDICTION ALERT \ud83d\udea8\n\nCryptocurrency: Bitcoin (BTC) (BITCOIN)\nCurrent Price: $65,000.00\nPrediction Time Frame: 10min\n\n\ud83d\udcca PREDICTION DETAILS:\n\u2022 Direction: DOWN \ud83d\udcc9\n\u2022 Confidence Score: 78.3%\n\u2022 Probability: 25.0%\n\n\u26a1 RECOMMENDATION:\nOur advanced ML models (LSTM + Random Forest) predict that Bitcoin (BTC) will FALL within the next 10min.\nThis alert was triggered because the prediction meets our high-confidence criteria (>75% confidence).\n\n\u26a0\ufe0f RISK DISCLAIMER:\nThis is an automated prediction based on technical analysis and machine learning models. \nCryptocurrency investments are highly volatile and risky. This is for informational purposes only \nand should not be considered financial advice. Always do your own research and invest responsibly.\n\n\ud83d\udcc5 Generated: 2025-09-16 15:20:58\n\ud83e\udd16 Source: Crypto Analysis Platform - Advanced ML Predictions\n\n---\nThis alert was sent because you have enabled high-confidence prediction notifications.\nTo modify your alert preferences, visit the platform settings."
      },
      "alert_type": "demo",
      "status": "demo_stored"
    }
  ],
  "last_updated": "2025-09-16T15:20:58.713385"
}